Centre_ID,Centre_Name,District,Address,Contact_Number,Officer_Name
1,"Spence, Bates and Velasquez Safety Center",Central District,"898 William Mountain Suite 021, East Charlesside, OR 86227",460-948-4457x1101,Valerie Collins
2,"Myers, Turner and Khan Safety Center",North District,"405 Hampton Mountain, Lake Vincentfurt, IA 97565",(425)995-4269x9206,Derek Ramirez
3,"Brown, Charles and Haynes Safety Center",East District,"66539 Allen Court Apt. 814, Port Jasonstad, FM 57908",001-832-847-8662x75793,Danielle Hogan
4,Miller-Anderson Safety Center,Valley,"Unit 3055 Box 3993, DPO AE 47414",2423086842,Amanda Gray
5,"James, Hughes and Miller Safety Center",Central District,"611 Austin Knolls Apt. 800, South Brian, VA 06467",(554)232-0597,Kristine Williams
6,Contreras-Garcia Safety Center,Central District,"27140 Mark Ferry, Port Annabury, WV 11344",696.969.1439,Gail Weaver MD
7,"Santana, Black and King Safety Center",Highlands,"95112 Jeffrey Lodge, Brownfurt, AZ 46005",4247201255,Scott Mcdaniel
8,Guerrero-Delgado Safety Center,Highlands,"827 Collier Center Apt. 907, East Jessica, MT 71687",(301)596-9723,Nicholas Mccarty
9,Miller-Silva Safety Center,Highlands,"5765 Ashley Courts, North Bonnie, RI 22680",695-266-3996x412,Shannon Moore
10,Sanders PLC Safety Center,East District,"10812 Kristen Villages Apt. 630, Port Timothy, RI 17076",5302470561,Thomas Schroeder
11,Ward and Sons Safety Center,Highlands,"5059 Brandi Forge Apt. 723, Freystad, LA 01656",+1-864-792-0062,Cameron Lucero
12,Smith LLC Safety Center,East District,"62800 Wilson Rue, Woodsbury, CO 70743",351.855.6126,Toni Hansen
13,"Weber, Clark and Bailey Safety Center",South District,"817 Robles Crossroad Suite 059, East Donna, ME 37334",329.642.9130,Arthur Montgomery
14,Daniels Inc Safety Center,West District,"USCGC Ward, FPO AE 84612",+1-497-779-1595x26083,Sarah Dawson
15,"Romero, Knight and Powell Safety Center",Highlands,"6843 Adams Trail, Staceyside, TX 27613",(710)286-0953x4043,Lacey Mays
16,Brown Ltd Safety Center,Highlands,"9623 Timothy Greens Suite 763, Port Davidmouth, NM 15470",+1-641-974-7452x425,Kevin Carlson
17,Miller PLC Safety Center,West District,"37631 Jeanette Roads, Arnoldview, FL 96131",001-423-718-5863x6217,Evan Zimmerman
18,"Johnson, Duarte and Gordon Safety Center",Valley,"257 Leonard Extensions Apt. 959, Lake Dalefort, MH 48660",893.504.8560x1665,Heather Schultz
19,Carroll-Fox Safety Center,Highlands,"5554 Oneill Center Apt. 466, Julieside, SC 36776",2649203277,Daniel Kennedy
20,"White, Martin and Navarro Safety Center",Highlands,"9067 Misty Center, Chanmouth, IN 68166",+1-585-288-1488x8543,Melinda Ruiz
21,"Parker, Parks and Thomas Safety Center",West District,"245 Destiny Forge Apt. 049, Wellsshire, IA 16408",+1-573-539-5785x509,Crystal Ward
22,Wells PLC Safety Center,Central District,"638 Jacob Islands Apt. 357, North Allen, MD 01230",288.475.9867x661,Jordan Jackson
23,Bean-Gonzales Safety Center,Central District,"4042 Bullock Springs Suite 147, New Richardchester, CO 83405",982.241.0199,Logan Jacobs
24,Montoya Inc Safety Center,West District,"2887 Ball Harbor, Kellyshire, ND 24456",226-486-0790x33622,Michael James
25,Hayden-Davis Safety Center,Central District,"461 Kelsey Ports Suite 553, Port Maryburgh, PR 34382",+1-369-919-1003x9191,Veronica Williams
26,"Garcia, Morgan and Harris Safety Center",South District,"60084 Shari Plaza Suite 098, Berrymouth, MP 81650",440.838.5949,Michelle Taylor
27,"Weaver, Nixon and Dunn Safety Center",West District,"969 Melissa Dam, East Jesse, NJ 12539",(733)801-2890,Wesley Clark
28,Bauer-Harrison Safety Center,North District,"946 Jasmine Plaza Apt. 696, South Aaron, HI 74200",524-722-7766,Eric Simmons
29,Adams Inc Safety Center,Highlands,"6825 Carter Lodge, North Paul, IL 85543",001-668-895-7481x976,Nicholas Rivera
30,Turner-Sosa Safety Center,East District,"Unit 4801 Box 9735, DPO AE 68798",+1-203-593-1022,Miguel Johnson
31,Flowers-Rhodes Safety Center,West District,"26361 John Pike Suite 430, North Andrea, OR 28383",001-851-588-9878x2468,Jessica Sanchez
32,"Anderson, Jones and Jimenez Safety Center",East District,"5006 James Wall Apt. 586, Port Andrewmouth, CO 33908",932.818.1301,Angela Carter
33,"Pacheco, Harris and Best Safety Center",Valley,"649 Kenneth Union, Reedmouth, VA 94983",+1-251-968-9544x586,Jason Pierce
34,"Adams, Lewis and Kim Safety Center",Highlands,"742 Natalie Manors Apt. 777, Chaseshire, IL 52840",417-219-6823,James Webb
35,Mckee Group Safety Center,South District,"10624 Nicole Heights Apt. 613, Ruthview, NC 58922",350-234-9677x106,Richard Castro
36,"Smith, King and Sheppard Safety Center",South District,"5484 Hudson Throughway, East Sandrahaven, UT 66539",629-704-3692x67945,Sherri Dickerson
37,Anderson-Wilkinson Safety Center,Highlands,"10696 Nichols Expressway, Tylermouth, WA 64777",586.236.2458x6788,Mary Turner
38,Johnson and Sons Safety Center,West District,"6293 Foley Well, Lauratown, TN 25603",949-621-9332,Shawn Woods
39,"Pacheco, Harris and Thompson Safety Center",Central District,"0284 Gonzalez Fort, Ryanmouth, AK 84406",708-626-6203x616,Alison Willis
40,"Shaw, Wagner and Acevedo Safety Center",East District,"6274 Ashley Lane Suite 658, East Lauren, NC 44725",(843)719-7208x3988,Michael Collins
41,"Mendez, Mcdonald and Willis Safety Center",South District,"731 Caleb Villages Suite 148, West Deborah, MI 28331",807.977.7374,Tami Garcia
42,"Bartlett, Mccarty and Scott Safety Center",North District,"572 Harry Expressway, Meyersshire, AL 66540",9405432054,Ross Sims
43,Ramirez-Walker Safety Center,Valley,"35629 Archer Ramp Apt. 978, Lake Timothychester, IA 17684",001-526-387-6631x29298,Martin Smith
44,Zuniga-Vazquez Safety Center,Central District,"70617 Meyer Key Apt. 423, Lake Matthew, AL 77324",001-331-535-4296,Martin Lee MD
45,"Harvey, Cain and Ayers Safety Center",Central District,"2590 Smith Inlet, Lake Georgemouth, SC 05536",814-477-0242,John Smith
46,Walsh Group Safety Center,East District,"6664 Lewis Forge, Booneville, RI 56401",+1-836-820-4838x393,Linda Butler
47,Holmes Group Safety Center,Valley,"93836 West Lake, North Stephanie, CT 64567",+1-756-747-8273x07660,Angela Jones
